decision_id,symbol,action,order_type,entry,sl,tp,risk_pct,confidence,ticket,decision_ts,status,exit_price,result_r,pnl_usd,outcome_ts
31,AUDUSD,OPEN_SHORT,stop,0.6985,0.70056,0.6962,0.005,71,1353199038,2026-07-27T17:32:25,SL,0.69936,-0.417,-0.86,2026-07-27T23:00:05
29,USDCAD,OPEN_LONG,stop,1.41183,1.40913,1.41723,0.005,76,1353198997,2026-07-27T17:32:14,closed,1.41164,-0.07,-0.11,2026-07-28T07:30:05
50,AUDUSD,OPEN_SHORT,stop,0.69689,0.69825,0.69417,0.0025,67,1353251839,2026-07-28T07:30:37,closed,0.69707,-0.132,-0.17,2026-07-28T12:00:05
59,XRPUSD,OPEN_SHORT,stop,1.048,1.0549,1.0411,0.0025,76,1353296356,2026-07-28T14:17:48,SL,1.055,-1.014,-0.69,2026-07-28T16:15:05
89,NZDJPY,OPEN_LONG,stop,94.883,94.684,95.282,0.0025,70,1353505884,2026-07-30T04:16:12,TP,95.282,2.005,2.45,2026-07-30T12:30:05
113,USDCAD,OPEN_SHORT,stop,1.3993,1.40371,1.3948,0.0025,71,1353591502,2026-07-30T18:47:10,SL,1.4011,-0.408,-1.3,2026-07-31T00:00:05
116,AUDUSD,OPEN_LONG,stop,0.70335,0.70221,0.70563,0.0025,69,1353603859,2026-07-30T21:17:09,SL,0.70198,-1.202,-1.39,2026-07-31T00:15:05
138,NZDJPY,OPEN_SHORT,stop,93.95,94.22,93.68,0.0025,68,1353637598,2026-07-31T11:02:12,TP,93.679,1.004,1.63,2026-07-31T12:00:05
139,CHFJPY,OPEN_SHORT,stop,198.28,198.843,197.71,0.0025,71,1353640503,2026-07-31T11:32:11,TP,197.704,1.023,3.6,2026-07-31T12:00:05
193,CHFJPY,OPEN_SHORT,stop,193.3,193.86,192.18,0.0025,72,1353807152,2026-08-03T16:32:30,SL,193.86,-1.0,-3.56,2026-08-03T23:30:05
197,USDCAD,OPEN_LONG,stop,1.40513,1.4027,1.4099,0.005,71,1353837122,2026-08-03T20:17:09,closed,1.40468,-0.185,-0.32,2026-08-03T23:30:05
195,XRPUSD,OPEN_LONG,stop,1.083,1.0653,1.1184,0.0025,71,1353828997,2026-08-03T18:16:11,SL,1.0787,-0.243,-0.52,2026-08-04T01:15:05
217,USDCAD,OPEN_LONG,stop,1.40556,1.40436,1.40742,0.0025,70,1353866599,2026-08-04T08:45:44,SL,1.40454,-0.85,-0.73,2026-08-04T11:15:05
268,CHFJPY,OPEN_SHORT,stop,194.962,195.279,194.402,0.0025,71,1354108396,2026-08-06T12:47:42,SL,195.328,-1.155,-2.31,2026-08-06T17:15:05
286,XRPUSD,OPEN_SHORT,stop,1.0308,1.0368,1.0248,0.0025,71,1354186500,2026-08-07T02:32:10,SL,1.0366,-0.967,-0.58,2026-08-07T04:15:05
311,USDCAD,OPEN_SHORT,stop,1.39299,1.39586,1.38737,0.0025,71,1354265267,2026-08-07T18:17:15,SL,1.39372,-0.254,-0.56,2026-08-07T22:15:05
337,USDCAD,OPEN_SHORT,stop,1.39389,1.39491,1.39187,0.0025,70,1354313289,2026-08-10T10:45:47,SL,1.39421,-0.314,-0.23,2026-08-10T15:15:05
381,CHFJPY,OPEN_SHORT,stop,196.19,196.33,195.93,0.0025,71,1354471224,2026-08-11T20:32:10,SL,196.335,-1.036,-0.92,2026-08-11T21:45:05
417,USDCAD,OPEN_LONG,stop,1.39476,1.39315,1.39795,0.0025,71,1354599253,2026-08-12T22:02:10,SL,1.39402,-0.46,-0.47,2026-08-13T02:30:05
472,AUDUSD,OPEN_LONG,stop,0.70742,0.7063,0.70915,0.005,74,1354713900,2026-08-14T10:45:19,TP,0.70933,1.705,1.92,2026-08-14T18:15:05
504,NZDJPY,OPEN_LONG,stop,94.001,93.878,94.229,0.0025,74,1354788677,2026-08-17T07:00:19,TP,94.235,1.902,1.47,2026-08-17T12:45:05
508,AUDUSD,OPEN_LONG,stop,0.71182,0.71008,0.715,0.0025,73,1354793263,2026-08-17T09:30:25,closed,0.71171,-0.063,-0.11,2026-08-17T16:30:05
593,USDCAD,OPEN_SHORT,stop,1.38687,1.38841,1.38418,0.0025,71,1355064489,2026-08-19T12:45:37,TP,1.38405,1.831,2.03,2026-09-01T13:27:28
649,USDCAD,OPEN_SHORT,stop,1.38368,1.38491,1.38122,0.0025,70,1357802534,2026-09-02T21:15:34,TP,1.38121,2.008,1.58,2026-09-03T17:08:59
758,USDCAD,OPEN_SHORT,stop,1.3805,1.3818,1.3779,0.005,80,1358136232,2026-09-07T15:46:17,SL,1.3818,-1.0,-0.94,2026-09-07T22:30:05
809,CHFJPY,OPEN_SHORT,stop,189.602,189.77,189.432,0.005,70,1358302458,2026-09-09T02:48:54,SL,189.776,-1.036,-1.15,2026-09-09T03:45:05
889,NZDJPY,OPEN_SHORT,stop,89.847,89.915,89.766,0.005,69,1358562089,2026-09-11T07:00:45,SL,89.897,-0.735,-0.97,2026-09-11T08:45:05
837,USDCAD,OPEN_LONG,stop,1.38113,1.37864,1.3845,0.005,78,1358407313,2026-09-09T22:16:07,TP,1.38464,1.41,2.58,2026-09-11T12:00:05
913,USDCAD,OPEN_LONG,stop,1.3883,1.38597,1.39296,0.005,74,1358636143,2026-09-11T18:01:00,SL,1.38646,-0.79,-1.33,2026-09-11T22:03:35
1105,CHFJPY,OPEN_LONG,stop,191.217,190.726,192.181,0.005,80,1359260732,2026-09-21T13:05:39,TP,192.187,1.976,6.09,2026-09-22T10:15:05
1176,USDCAD,OPEN_LONG,stop,1.40924,1.4088,1.4125,0.0025,85,1359485517,2026-09-23T14:45:20,SL,1.40884,-0.909,-0.27,2026-09-23T15:15:04
1185,USDCAD,OPEN_LONG,stop,1.41067,1.40945,1.425,0.0025,85,1359527420,2026-09-23T20:00:21,SL,1.40949,-0.967,-0.83,2026-09-23T20:45:05
1197,AUDUSD,OPEN_LONG,stop,0.70363,0.70291,0.725,0.0025,75,1359551231,2026-09-24T04:30:21,SL,0.70291,-1.0,-0.74,2026-09-24T06:45:05
1214,USDCAD,OPEN_LONG,stop,1.4112,1.40969,1.4135,0.0025,85,1359580965,2026-09-24T12:15:21,TP,1.4136600000000001,1.629,1.74,2026-09-24T17:00:05
1219,NZDJPY,OPEN_LONG,stop,90.07,89.83,91.5,0.0025,85,1359595701,2026-09-24T14:45:28,SL,89.838,-0.967,-1.46,2026-09-24T17:45:05
1256,USDCAD,OPEN_LONG,stop,1.41469,1.4143,1.41545,0.0025,75,1359684167,2026-09-25T11:00:21,SL,1.41424,-1.154,-0.65,2026-09-25T12:30:05
1330,NZDJPY,OPEN_LONG,stop,89.232,89.1,89.484,0.0025,85,1359892482,2026-09-28T18:45:23,SL,89.103,-0.977,-0.8,2026-09-29T00:15:05
1304,USDCAD,OPEN_LONG,stop,1.41544,1.41417,1.425,0.0025,75,1359823361,2026-09-28T06:15:20,TP,1.41898,2.787,2.51,2026-09-29T23:15:05
1378,USDCAD,OPEN_LONG,stop,1.41944,1.41898,1.4235,0.0025,85,1360014036,2026-09-30T02:15:20,SL,1.4191,-0.739,-0.48,2026-09-30T03:45:05
1380,AUDUSD,OPEN_LONG,stop,0.69901,0.6986,0.69959,0.0025,75,1360014495,2026-09-30T02:45:33,SL,0.69867,-0.829,-0.35,2026-09-30T04:15:05
1388,USDCAD,OPEN_LONG,stop,1.41903,1.4185,1.4215,0.0025,75,1360027682,2026-09-30T09:15:20,SL,1.4184999999999999,-1.0,-0.38,2026-09-30T11:00:05
1396,AUDUSD,OPEN_LONG,stop,0.69744,0.6967,0.7025,0.0025,85,1360051959,2026-09-30T14:30:20,SL,0.69684,-0.811,-0.62,2026-09-30T15:00:05
1447,USDCAD,OPEN_LONG,stop,1.42587,1.4245,1.435,0.0025,75,1360169447,2026-10-01T16:30:23,SL,1.4245,-1.0,-0.96,2026-10-01T19:30:05
1470,NZDJPY,OPEN_LONG,stop,88.67,88.52,88.97,0.0025,85,1360243445,2026-10-02T10:15:26,SL,88.522,-0.987,-0.94,2026-10-02T10:45:05
1471,USDCAD,OPEN_LONG,stop,1.42299,1.42091,1.42658,0.0025,73,1360245456,2026-10-02T10:45:44,SL,1.42074,-1.082,-1.59,2026-10-02T15:30:05
1453,CHFJPY,OPEN_LONG,stop,190.107,189.495,191.5,0.0025,75,1360212382,2026-10-01T21:15:21,TP,190.415,0.503,1.88,2026-10-02T22:15:05
1493,USDCAD,OPEN_LONG,stop,1.42584,1.42485,1.42782,0.0025,85,1360376619,2026-10-05T12:47:24,SL,1.42485,-1.0,-0.7,2026-10-05T15:45:05
1495,CHFJPY,OPEN_LONG,stop,190.498,190.194,191.106,0.0025,72,1360376689,2026-10-05T12:48:03,SL,190.194,-1.0,-1.93,2026-10-05T16:45:05
1511,XRPUSD,OPEN_LONG,stop,1.5115,1.5046,3.0,0.0025,85,1360430193,2026-10-05T23:00:21,SL,1.5047,-0.986,-0.75,2026-10-06T03:00:05
1525,CHFJPY,OPEN_LONG,stop,190.157,190.051,190.309,0.0025,85,1360446003,2026-10-06T07:15:21,SL,190.071,-0.811,-0.53,2026-10-06T08:45:05
